"missingness_mechanisms","fully_adjusted_bias","fully_adjusted_bias_percentage","fully_adjusted_coverage","unadjusted_bias","unadjusted_bias_percentage","unadjusted_coverage","two_step_lasso_bias","two_step_lasso_bias_percentage","two_step_lasso_coverage"
"FULL",0.0987613346758894,0.197522669351779,0,1.16663100052098,2.33326200104196,0,0.0987613346758894,0.197522669351779,0
"MNAR",0.0985086143351063,0.197017228670213,0,1.16663100052098,2.33326200104196,0,0.0985086143351063,0.197017228670213,0
"MCAR",0.0999664142068646,0.199932828413729,0,1.16663100052098,2.33326200104196,0,0.0999664142068646,0.199932828413729,0
