"missingness_mechanisms","fully_adjusted_bias","fully_adjusted_bias_percentage","fully_adjusted_coverage","unadjusted_bias","unadjusted_bias_percentage","unadjusted_coverage","two_step_lasso_bias","two_step_lasso_bias_percentage","two_step_lasso_coverage"
"FULL",0.0928227689011452,0.18564553780229,0,1.17052275495775,2.3410455099155,0,0.0928227689011452,0.18564553780229,0
"MNAR",0.093188783690017,0.186377567380034,0,1.16332425007494,2.32664850014988,0,0.093188783690017,0.186377567380034,0
"MCAR",0.0960964079006384,0.192192815801277,0,1.16720087419599,2.33440174839198,0,0.0960964079006384,0.192192815801277,0
