"missingness_mechanisms","fully_adjusted_bias","fully_adjusted_bias_percentage","fully_adjusted_coverage","unadjusted_bias","unadjusted_bias_percentage","unadjusted_coverage","two_step_lasso_bias","two_step_lasso_bias_percentage","two_step_lasso_coverage"
"FULL",0.0872693125372123,0.174538625074425,0,1.16454450906593,2.32908901813186,0,0.0872693125372123,0.174538625074425,0
"MNAR",0.0926052872276059,0.185210574455212,0,1.16454450906593,2.32908901813186,0,0.0926052872276059,0.185210574455212,0
"MCAR",0.0925521760129316,0.185104352025863,0,1.16454450906593,2.32908901813186,0,0.0925521760129316,0.185104352025863,0
