"missingness_mechanisms","fully_adjusted_bias","fully_adjusted_bias_percentage","fully_adjusted_coverage","unadjusted_bias","unadjusted_bias_percentage","unadjusted_coverage","two_step_lasso_bias","two_step_lasso_bias_percentage","two_step_lasso_coverage"
"FULL",0.0799802016330654,0.159960403266131,0,1.16508837629158,2.33017675258316,0,0.0799802016330654,0.159960403266131,0
"MNAR",0.0817259818276774,0.163451963655355,0,1.16508837629158,2.33017675258316,0,0.0817259818276774,0.163451963655355,0
"MCAR",0.0820402279320068,0.164080455864014,0,1.16508837629158,2.33017675258316,0,0.0820402279320068,0.164080455864014,0
