"","causal_true_value","causal_estimate","causal_bias","causal_bias_proportion","causal_coverage","open_paths","blocked_paths","proportion_paths","empirical_SE","model_SE"
"fully_adjusted",0.5,0.592552176012932,0.0925521760129316,0.185104352025863,0,32,28,0.875,NA,0.00874565439598532
"unadjusted",0.5,1.66454450906593,1.16454450906593,2.32908901813186,0,32,0,0,NA,0.00641419586690366
"two_step_lasso",0.5,0.592552176012932,0.0925521760129316,0.185104352025863,0,32,28,0.875,NA,0.00874565439598532
"two_step_lasso_X",0.5,0.592552176012932,0.0925521760129316,0.185104352025863,0,32,28,0.875,NA,0.00874565439598532
"two_step_lasso_union",0.5,0.592552176012932,0.0925521760129316,0.185104352025863,0,32,28,0.875,NA,0.00874565439598532
