"","causal_true_value","causal_estimate","causal_bias","causal_bias_proportion","causal_coverage","open_paths","blocked_paths","proportion_paths","empirical_SE","model_SE"
"fully_adjusted",0.5,0.547244292121615,0.0472442921216149,0.0944885842432299,0.8,32,28,0.875,0.126741982007832,0.0892757788647513
"unadjusted",0.5,1.66680823328136,1.16680823328136,2.33361646656272,0,32,0,0,0.0509301432864907,0.0644445217261804
"two_step_lasso",0.5,0.54322810482278,0.04322810482278,0.0864562096455599,0.8,32,25.1,0.784375,0.122404555501764,0.0861248060083233
"two_step_lasso_X",0.5,0.5463117447515,0.0463117447514996,0.0926234895029993,0.8,32,27.3,0.853125,0.125864697124626,0.0895010438722981
"two_step_lasso_union",0.5,0.547344199271233,0.0473441992712329,0.0946883985424659,0.8,32,27.9,0.871875,0.126814974111675,0.0892702064501616
