"","causal_true_value","causal_estimate","causal_bias","causal_bias_proportion","causal_coverage","open_paths","blocked_paths","proportion_paths","empirical_SE","model_SE"
"fully_adjusted",0.5,0.593188783690017,0.093188783690017,0.186377567380034,0,32,28,0.875,NA,0.0121691604378777
"unadjusted",0.5,1.66332425007494,1.16332425007494,2.32664850014988,0,32,0,0,NA,0.00889617728419952
"two_step_lasso",0.5,0.593188783690017,0.093188783690017,0.186377567380034,0,32,28,0.875,NA,0.0121691604378777
"two_step_lasso_X",0.5,0.593188783690017,0.093188783690017,0.186377567380034,0,32,28,0.875,NA,0.0121691604378777
"two_step_lasso_union",0.5,0.593188783690017,0.093188783690017,0.186377567380034,0,32,28,0.875,NA,0.0121691604378777
