"","causal_true_value","causal_estimate","causal_bias","causal_bias_proportion","causal_coverage","open_paths","blocked_paths","proportion_paths","empirical_SE","model_SE"
"fully_adjusted",0.5,0.582973579304578,0.0829735793045783,0.165947158609157,0.9,32,28,0.875,0.152962379034108,0.126707551439363
"unadjusted",0.5,1.65957197896022,1.15957197896022,2.31914395792044,0,32,0,0,0.0867562859884823,0.0897421084796563
"two_step_lasso",0.5,0.569714122312069,0.0697141223120689,0.139428244624138,0.9,32,24.3,0.759375,0.140530366256939,0.12074616942168
"two_step_lasso_X",0.5,0.574529517523737,0.0745295175237373,0.149059035047475,0.9,32,26.2,0.81875,0.147622437199993,0.127720946829945
"two_step_lasso_union",0.5,0.582981273460837,0.0829812734608366,0.165962546921673,0.9,32,27.9,0.871875,0.152969160405615,0.126693069716209
