"","causal_true_value","causal_estimate","causal_bias","causal_bias_proportion","causal_coverage","open_paths","blocked_paths","proportion_paths","empirical_SE","model_SE"
"fully_adjusted",0.5,0.630156562266945,0.130156562266945,0.26031312453389,1,32,28,0.875,NA,0.0929565539967919
"unadjusted",0.5,1.70163662509491,1.20163662509491,2.40327325018982,0,32,0,0,NA,0.0663576480611319
"two_step_lasso",0.5,0.620976685982747,0.120976685982747,0.241953371965495,1,32,25,0.78125,NA,0.0884642038877063
"two_step_lasso_X",0.5,0.630156562266945,0.130156562266945,0.26031312453389,1,32,28,0.875,NA,0.0929565539967919
"two_step_lasso_union",0.5,0.630156562266945,0.130156562266945,0.26031312453389,1,32,28,0.875,NA,0.0929565539967919
