"","causal_true_value","causal_estimate","causal_bias","causal_bias_proportion","causal_coverage","open_paths","blocked_paths","proportion_paths","empirical_SE","model_SE"
"fully_adjusted",0.5,0.579980201633058,0.079980201633058,0.159960403266116,0,32,28,0.875,NA,0.00877150810218968
"unadjusted",0.5,1.66508837629157,1.16508837629157,2.33017675258314,0,32,0,0,NA,0.00641974958870457
"two_step_lasso",0.5,0.579980201633058,0.079980201633058,0.159960403266116,0,32,28,0.875,NA,0.00877150810218968
"two_step_lasso_X",0.5,0.579980201633058,0.079980201633058,0.159960403266116,0,32,28,0.875,NA,0.00877150810218968
"two_step_lasso_union",0.5,0.579980201633058,0.079980201633058,0.159960403266116,0,32,28,0.875,NA,0.00877150810218968
