"","causal_true_value","causal_estimate","causal_bias","causal_bias_proportion","causal_coverage","open_paths","blocked_paths","proportion_paths","empirical_SE","model_SE"
"fully_adjusted",0.5,0.582260301570727,0.0822603015707273,0.164520603141455,0,32,28,0.875,NA,0.00876793615575671
"unadjusted",0.5,1.66508837629157,1.16508837629157,2.33017675258314,0,32,0,0,NA,0.00641974958870457
"two_step_lasso",0.5,0.582259212410136,0.0822592124101358,0.164518424820272,0,32,28,0.875,NA,0.00876780490467742
"two_step_lasso_X",0.5,0.582260301570727,0.0822603015707273,0.164520603141455,0,32,29,0.90625,NA,0.00876793615575671
"two_step_lasso_union",0.5,0.582260301570727,0.0822603015707273,0.164520603141455,0,32,29,0.90625,NA,0.00876793615575671
