"","causal_true_value","causal_estimate","causal_bias","causal_bias_proportion","causal_coverage","open_paths","blocked_paths","proportion_paths","empirical_SE","model_SE"
"fully_adjusted",0.5,0.590691777891194,0.0906917778911943,0.181383555782389,0,32,28,0.875,NA,0.0171363961898539
"unadjusted",0.5,1.69914640214419,1.19914640214419,2.39829280428837,0,32,0,0,NA,0.0122607081876375
"two_step_lasso",0.5,0.590691777891194,0.0906917778911943,0.181383555782389,0,32,28,0.875,NA,0.0171363961898539
"two_step_lasso_X",0.5,0.590691777891194,0.0906917778911943,0.181383555782389,0,32,28,0.875,NA,0.0171363961898539
"two_step_lasso_union",0.5,0.590691777891194,0.0906917778911943,0.181383555782389,0,32,28,0.875,NA,0.0171363961898539
