"","causal_true_value","causal_estimate","causal_bias","causal_bias_proportion","causal_coverage","open_paths","blocked_paths","proportion_paths","empirical_SE","model_SE"
"fully_adjusted",0.5,0.590784395304867,0.0907843953048675,0.181568790609735,0,32,28,0.875,NA,0.0087467510422828
"unadjusted",0.5,1.66454450906593,1.16454450906593,2.32908901813187,0,32,0,0,NA,0.00641419586690363
"two_step_lasso",0.5,0.590784395304867,0.0907843953048675,0.181568790609735,0,32,28,0.875,NA,0.0087467510422828
"two_step_lasso_X",0.5,0.590784395304867,0.0907843953048675,0.181568790609735,0,32,28,0.875,NA,0.0087467510422828
"two_step_lasso_union",0.5,0.590784395304867,0.0907843953048675,0.181568790609735,0,32,28,0.875,NA,0.0087467510422828
