"","causal_true_value","causal_estimate","causal_bias","causal_bias_proportion","causal_coverage","open_paths","blocked_paths","proportion_paths","empirical_SE","model_SE"
"fully_adjusted",0.5,0.582234180885422,0.0822341808854216,0.164468361770843,0,32,28,0.875,NA,0.00877023639417082
"unadjusted",0.5,1.66508837629157,1.16508837629157,2.33017675258314,0,32,0,0,NA,0.00641974958870457
"two_step_lasso",0.5,0.582234180885422,0.0822341808854216,0.164468361770843,0,32,29,0.90625,NA,0.00877023639417082
"two_step_lasso_X",0.5,0.582260799090944,0.0822607990909437,0.164521598181887,0,32,28,0.875,NA,0.00877031062859829
"two_step_lasso_union",0.5,0.582234180885422,0.0822341808854216,0.164468361770843,0,32,29,0.90625,NA,0.00877023639417082
