"","causal_true_value","causal_estimate","causal_bias","causal_bias_proportion","causal_coverage","open_paths","blocked_paths","proportion_paths","empirical_SE","model_SE"
"fully_adjusted",0.5,0.596096407900638,0.0960964079006384,0.192192815801277,0,32,28,0.875,NA,0.0121316598282147
"unadjusted",0.5,1.66720087419599,1.16720087419599,2.33440174839197,0,32,0,0,NA,0.00886584708854808
"two_step_lasso",0.5,0.596096407900638,0.0960964079006384,0.192192815801277,0,32,28,0.875,NA,0.0121316598282147
"two_step_lasso_X",0.5,0.596096407900638,0.0960964079006384,0.192192815801277,0,32,28,0.875,NA,0.0121316598282147
"two_step_lasso_union",0.5,0.596096407900638,0.0960964079006384,0.192192815801277,0,32,28,0.875,NA,0.0121316598282147
