"","causal_true_value","causal_estimate","causal_bias","causal_bias_proportion","causal_coverage","open_paths","blocked_paths","proportion_paths","empirical_SE","model_SE"
"fully_adjusted",0.5,0.636082089865297,0.136082089865297,0.272164179730595,1,32,28,0.875,NA,0.0928206199846107
"unadjusted",0.5,1.70163662509491,1.20163662509491,2.40327325018982,0,32,0,0,NA,0.0663576480611319
"two_step_lasso",0.5,0.627287939060366,0.127287939060366,0.254575878120732,1,32,24,0.75,NA,0.0868302615307548
"two_step_lasso_X",0.5,0.633879004641717,0.133879004641717,0.267758009283435,1,32,26,0.8125,NA,0.0926998284383241
"two_step_lasso_union",0.5,0.636974588931011,0.136974588931011,0.273949177862022,1,32,27,0.84375,NA,0.0927748008276311
