"","causal_true_value","causal_estimate","causal_bias","causal_bias_proportion","causal_coverage","open_paths","blocked_paths","proportion_paths","empirical_SE","model_SE"
"fully_adjusted",0.5,0.564171743398203,0.0641717433982032,0.128343486796406,0.9,32,28,0.875,0.170445881806055,0.125923468804243
"unadjusted",0.5,1.64341140064273,1.14341140064273,2.28682280128547,0,32,0,0,0.101350711485118,0.0893510902071578
"two_step_lasso",0.5,0.547631094486348,0.0476310944863476,0.0952621889726951,0.9,32,24.1,0.753125,0.16321599965461,0.119584015188679
"two_step_lasso_X",0.5,0.560044210493475,0.0600442104934746,0.120088420986949,0.9,32,26,0.8125,0.166111245880872,0.127366869616894
"two_step_lasso_union",0.5,0.564399262741542,0.0643992627415416,0.128798525483083,0.9,32,27.8,0.86875,0.170699075780913,0.125895053158178
