"","causal_true_value","causal_estimate","causal_bias","causal_bias_proportion","causal_coverage","open_paths","blocked_paths","proportion_paths","empirical_SE","model_SE"
"fully_adjusted",0.5,0.631505591220134,0.131505591220134,0.263011182440269,1,32,28,0.875,NA,0.0928913017925926
"unadjusted",0.5,1.70163662509491,1.20163662509491,2.40327325018982,0,32,0,0,NA,0.0663576480611319
"two_step_lasso",0.5,0.62197013628236,0.12197013628236,0.243940272564721,1,32,25,0.78125,NA,0.0884248143234166
"two_step_lasso_X",0.5,0.632420000052411,0.132420000052411,0.264840000104822,1,32,27,0.84375,NA,0.092837580295182
"two_step_lasso_union",0.5,0.632420000052411,0.132420000052411,0.264840000104823,1,32,27,0.84375,NA,0.092837580295182
